{
  "all_bad_windows_recovered": true,
  "anchor_seeds": [
    27,
    31,
    63,
    77031,
    131069,
    627355,
    670617279,
    9780657630,
    9780657631,
    989345275647
  ],
  "comparison_tolerance": 1e-12,
  "counterexample_candidate_count": 0,
  "counterexample_candidates": [],
  "escape_threshold": 1.584962500721156,
  "generated_candidate_count": 520,
  "hardest_case": {
    "all_bad_windows_recovered": true,
    "average_debt": 1.658263305322129,
    "bad_windows": 10397,
    "escape_threshold": 1.584962500721156,
    "hardest_recovery": {
      "bad_average_debt": 1.5833333333333333,
      "bad_blocks": 252,
      "bad_debt": 399,
      "bad_deficit": 0.0016291673878228163,
      "bad_end": 255,
      "bad_start": 4,
      "combined_average_debt": 1.5849802371541502,
      "combined_blocks": 253,
      "combined_debt": 401,
      "combined_end": 256,
      "combined_start": 4,
      "combined_surplus": 1.7736432994075457e-05,
      "hardness_score": 14264423.973214354,
      "post_average_debt": 2.0,
      "post_blocks": 1,
      "post_debt": 2,
      "post_end": 256,
      "post_start": 256,
      "recovered": true
    },
    "longest_recovery": {
      "bad_average_debt": 1.0,
      "bad_blocks": 1,
      "bad_debt": 1,
      "bad_deficit": 0.5849625007211561,
      "bad_end": 0,
      "bad_start": 0,
      "combined_average_debt": 1.5864978902953586,
      "combined_blocks": 237,
      "combined_debt": 376,
      "combined_end": 236,
      "combined_start": 0,
      "combined_surplus": 0.001535389574202517,
      "hardness_score": 154358.21890551658,
      "post_average_debt": 1.5889830508474576,
      "post_blocks": 236,
      "post_debt": 375,
      "post_end": 236,
      "post_start": 1,
      "recovered": true
    },
    "max_hardness_score": 14264423.973214354,
    "max_post_recovery_blocks": 236,
    "min_combined_surplus": 1.7736432994075457e-05,
    "n0": 63728127,
    "odd_blocks": 357,
    "odd_start": 63728127,
    "reaches_1": true,
    "recovered_bad_windows": 10397,
    "tightest_recovery": {
      "bad_average_debt": 1.5833333333333333,
      "bad_blocks": 252,
      "bad_debt": 399,
      "bad_deficit": 0.0016291673878228163,
      "bad_end": 255,
      "bad_start": 4,
      "combined_average_debt": 1.5849802371541502,
      "combined_blocks": 253,
      "combined_debt": 401,
      "combined_end": 256,
      "combined_start": 4,
      "combined_surplus": 1.7736432994075457e-05,
      "hardness_score": 14264423.973214354,
      "post_average_debt": 2.0,
      "post_blocks": 1,
      "post_debt": 2,
      "post_end": 256,
      "post_start": 256,
      "recovered": true
    },
    "total_debt": 592,
    "truncated": false,
    "unrecovered_bad_windows": 0,
    "version": "v1.4"
  },
  "longest_recovery_case": {
    "all_bad_windows_recovered": true,
    "average_debt": 1.658263305322129,
    "bad_windows": 10397,
    "escape_threshold": 1.584962500721156,
    "hardest_recovery": {
      "bad_average_debt": 1.5833333333333333,
      "bad_blocks": 252,
      "bad_debt": 399,
      "bad_deficit": 0.0016291673878228163,
      "bad_end": 255,
      "bad_start": 4,
      "combined_average_debt": 1.5849802371541502,
      "combined_blocks": 253,
      "combined_debt": 401,
      "combined_end": 256,
      "combined_start": 4,
      "combined_surplus": 1.7736432994075457e-05,
      "hardness_score": 14264423.973214354,
      "post_average_debt": 2.0,
      "post_blocks": 1,
      "post_debt": 2,
      "post_end": 256,
      "post_start": 256,
      "recovered": true
    },
    "longest_recovery": {
      "bad_average_debt": 1.0,
      "bad_blocks": 1,
      "bad_debt": 1,
      "bad_deficit": 0.5849625007211561,
      "bad_end": 0,
      "bad_start": 0,
      "combined_average_debt": 1.5864978902953586,
      "combined_blocks": 237,
      "combined_debt": 376,
      "combined_end": 236,
      "combined_start": 0,
      "combined_surplus": 0.001535389574202517,
      "hardness_score": 154358.21890551658,
      "post_average_debt": 1.5889830508474576,
      "post_blocks": 236,
      "post_debt": 375,
      "post_end": 236,
      "post_start": 1,
      "recovered": true
    },
    "max_hardness_score": 14264423.973214354,
    "max_post_recovery_blocks": 236,
    "min_combined_surplus": 1.7736432994075457e-05,
    "n0": 63728127,
    "odd_blocks": 357,
    "odd_start": 63728127,
    "reaches_1": true,
    "recovered_bad_windows": 10397,
    "tightest_recovery": {
      "bad_average_debt": 1.5833333333333333,
      "bad_blocks": 252,
      "bad_debt": 399,
      "bad_deficit": 0.0016291673878228163,
      "bad_end": 255,
      "bad_start": 4,
      "combined_average_debt": 1.5849802371541502,
      "combined_blocks": 253,
      "combined_debt": 401,
      "combined_end": 256,
      "combined_start": 4,
      "combined_surplus": 1.7736432994075457e-05,
      "hardness_score": 14264423.973214354,
      "post_average_debt": 2.0,
      "post_blocks": 1,
      "post_debt": 2,
      "post_end": 256,
      "post_start": 256,
      "recovered": true
    },
    "total_debt": 592,
    "truncated": false,
    "unrecovered_bad_windows": 0,
    "version": "v1.4"
  },
  "max_bad_window_blocks": 256,
  "scan_type": "adversarial_compensation_scan",
  "tightest_surplus_case": {
    "all_bad_windows_recovered": true,
    "average_debt": 1.658263305322129,
    "bad_windows": 10397,
    "escape_threshold": 1.584962500721156,
    "hardest_recovery": {
      "bad_average_debt": 1.5833333333333333,
      "bad_blocks": 252,
      "bad_debt": 399,
      "bad_deficit": 0.0016291673878228163,
      "bad_end": 255,
      "bad_start": 4,
      "combined_average_debt": 1.5849802371541502,
      "combined_blocks": 253,
      "combined_debt": 401,
      "combined_end": 256,
      "combined_start": 4,
      "combined_surplus": 1.7736432994075457e-05,
      "hardness_score": 14264423.973214354,
      "post_average_debt": 2.0,
      "post_blocks": 1,
      "post_debt": 2,
      "post_end": 256,
      "post_start": 256,
      "recovered": true
    },
    "longest_recovery": {
      "bad_average_debt": 1.0,
      "bad_blocks": 1,
      "bad_debt": 1,
      "bad_deficit": 0.5849625007211561,
      "bad_end": 0,
      "bad_start": 0,
      "combined_average_debt": 1.5864978902953586,
      "combined_blocks": 237,
      "combined_debt": 376,
      "combined_end": 236,
      "combined_start": 0,
      "combined_surplus": 0.001535389574202517,
      "hardness_score": 154358.21890551658,
      "post_average_debt": 1.5889830508474576,
      "post_blocks": 236,
      "post_debt": 375,
      "post_end": 236,
      "post_start": 1,
      "recovered": true
    },
    "max_hardness_score": 14264423.973214354,
    "max_post_recovery_blocks": 236,
    "min_combined_surplus": 1.7736432994075457e-05,
    "n0": 63728127,
    "odd_blocks": 357,
    "odd_start": 63728127,
    "reaches_1": true,
    "recovered_bad_windows": 10397,
    "tightest_recovery": {
      "bad_average_debt": 1.5833333333333333,
      "bad_blocks": 252,
      "bad_debt": 399,
      "bad_deficit": 0.0016291673878228163,
      "bad_end": 255,
      "bad_start": 4,
      "combined_average_debt": 1.5849802371541502,
      "combined_blocks": 253,
      "combined_debt": 401,
      "combined_end": 256,
      "combined_start": 4,
      "combined_surplus": 1.7736432994075457e-05,
      "hardness_score": 14264423.973214354,
      "post_average_debt": 2.0,
      "post_blocks": 1,
      "post_debt": 2,
      "post_end": 256,
      "post_start": 256,
      "recovered": true
    },
    "total_debt": 592,
    "truncated": false,
    "unrecovered_bad_windows": 0,
    "version": "v1.4"
  },
  "total_bad_windows": 474506,
  "total_recovered_bad_windows": 474506,
  "total_unrecovered_bad_windows": 0,
  "version": "v1.4"
}
